{"plant_1": {"voltage": 2.462146944380865, "read_time": 1661106962.473969}}