{"plant_1": {"voltage": 2.4653696498054476, "read_time": 1661106782.573877}}