{"plant_alan": {"1661108626": {"voltage": 2.4653696498054476, "read_time": 1661108626.345216}}}