{"plant_alan":{}}
{"plant_alan": {"1661107727": {"voltage": 2.462146944380865, "read_time": 1661107727.944059}}}